tod,proportion_q2_2019_wd,proportion_q2_2019_wnd,proportion_q1_2019_wd,proportion_q1_2019_wnd,proportion_q4_2018_wd,proportion_q4_2018_wnd,proportion_q3_2018_wd,proportion_q3_2018_wnd,proportion_q2_2018_wd,proportion_q2_2018_wnd
12AM,0.013085570410298238,0.02468814968814969,0.0195822454308094,0.02753303964757709,0.019397676073037703,0.02608889549576334,0.02099997667964833,0.027593921879369813,0.0216132099939483,0.030883043682480037
1AM,0.006383205078194262,0.0161988911988912,0.014360313315926894,0.014317180616740088,0.01403841593549917,0.021257618552103463,0.012488048319768663,0.01789876013796961,0.009336906717385665,0.020079849694692342
2AM,0.004220007801695095,0.00667013167013167,0.009660574412532636,0.01762114537444934,0.009366848470476643,0.017095287646796492,0.008745131876588699,0.011963580994997048,0.008083340537736664,0.01338656646312823
3AM,0.003049753537359481,0.00641025641025641,0.009399477806788513,0.011013215859030838,0.008252312070192079,0.010554481938456964,0.00562020475268767,0.009695161741400206,0.004625226938704936,0.007397839361202443
