,yr_qtr,_month,total_count,ele_assis,ele_prcntg,mechanical_prcntg
7,trip_q4_2018,10,32201,6962,0.216204465699823,0.783795534300177
23,0.022270293272811093,0.029625779625779627,0.03759791122715405,0.03524229074889868,0.030116196348114774,0.029359298349933106,0.032007182668314635,0.02995556384201858,0.031468833751188724,0.03534523250352278
