,yr_qtr,_month,total_count,ele_assis,ele_prcntg,mechanical_prcntg
7,trip_q4_2018,10,32201,6962,0.216204465699823,0.783795534300177
5,trip_q3_2018,9,44610,10055,0.22539789284913697,0.7746021071508631
8,trip_q4_2019,12,8205,4689,0.5714808043875685,0.42851919561243146